AIID|DataDate|PeriodName|PeriodEndDate|DataDate_PeriodData|LastReportDate|LastYearDate|LastQuarterDate|SecurityId|SmartEst_BPS|SmartEst_CPS|SmartEst_CPX|SmartEst_CSH|SmartEst_DPS|SmartEst_EBG|SmartEst_EBI|SmartEst_EBT|SmartEst_EPS|SmartEst_FFO|SmartEst_GM|SmartEst_GPS|SmartEst_NAV|SmartEst_NDT|SmartEst_NET|SmartEst_OPR|SmartEst_PRE|SmartEst_REV|SmartEst_ROA|SmartEst_ROE|StndDeviation_BPS|StndDeviation_CPS|StndDeviation_CPX|StndDeviation_CSH|StndDeviation_DPS|StndDeviation_EBG|StndDeviation_EBI|StndDeviation_EBT|StndDeviation_EPS|StndDeviation_FFO|StndDeviation_GM|StndDeviation_GPS|StndDeviation_NAV|StndDeviation_NDT|StndDeviation_NET|StndDeviation_OPR|StndDeviation_PRE|StndDeviation_REV|StndDeviation_ROA|StndDeviation_ROE|SmartEstAnalyst_BPS|SmartEstAnalyst_CPS|SmartEstAnalyst_CPX|SmartEstAnalyst_CSH|SmartEstAnalyst_DPS|SmartEstAnalyst_EBG|SmartEstAnalyst_EBI|SmartEstAnalyst_EBT|SmartEstAnalyst_EPS|SmartEstAnalyst_FFO|SmartEstAnalyst_GM|SmartEstAnalyst_GPS|SmartEstAnalyst_NAV|SmartEstAnalyst_NDT|SmartEstAnalyst_NET|SmartEstAnalyst_OPR|SmartEstAnalyst_PRE|SmartEstAnalyst_REV|SmartEstAnalyst_ROA|SmartEstAnalyst_ROE|ExpFY1ReportDate|ExpFQ1ReportDate
ai001004.01|20170131|FQ1|20170228|2016-12-21|20161221|20160531|20161130|1217|NA|1.6|9500000|NA|NA|NA|20670000|34560000|0.38|NA|15.29|0.38|881600000|111700000|12770000|NA|19560000|418800000|NA|NA|NA|NA|NA|NA|NA|NA|NA|NA|NA|NA|NA|NA|NA|NA|NA|NA|NA|NA|NA|NA|NA|NA|NA|NA|NA|NA|NA|NA|1|NA|NA|NA|NA|NA|NA|NA|NA|2|NA|NA|20170714|20170326
ai001004.01|20170131|FQ2|20170531|2016-12-21|20161221|20160531|20161130|1217|NA|0.08|9500000|NA|NA|NA|23690000|37580000|0.46|NA|15.11|0.46|893300000|111700000|14700000|NA|22790000|481220000|NA|NA|NA|NA|NA|NA|NA|NA|NA|NA|NA|NA|NA|NA|NA|NA|NA|NA|NA|NA|NA|NA|NA|NA|NA|NA|NA|NA|NA|NA|1|NA|NA|NA|NA|NA|NA|NA|NA|2|NA|NA|20170714|20170326
ai001004.01|20170131|FQ3|20170831|2016-12-21|20161221|20160531|20161130|1217|NA|NA|NA|NA|NA|NA|NA|NA|0.43|NA|NA|0.43|NA|NA|NA|NA|NA|NA|NA|NA|NA|NA|NA|NA|NA|NA|NA|NA|NA|NA|NA|NA|NA|NA|NA|NA|NA|NA|NA|NA|NA|NA|NA|NA|NA|NA|NA|NA|NA|NA|NA|NA|NA|NA|NA|NA|NA|NA|NA|NA|20170714|20170326
ai001004.01|20170131|FQ4|20171130|2016-12-21|20161221|20160531|20161130|1217|NA|NA|NA|NA|NA|NA|NA|NA|0.48|NA|NA|0.48|NA|NA|NA|NA|NA|NA|NA|NA|NA|NA|NA|NA|NA|NA|NA|NA|NA|NA|NA|NA|NA|NA|NA|NA|NA|NA|NA|NA|NA|NA|NA|NA|NA|NA|NA|NA|NA|NA|NA|NA|NA|NA|NA|NA|NA|NA|NA|NA|20170714|20170326
ai001004.01|20170131|FY1|20170531|2016-12-21|20161221|20160531|20161130|1217|NA|1.54|40340000|NA|NA|NA|80960000|142480000|1.48|NA|15.24|1.49|893300000|37990000|49470000|NA|76380000|1736250000|NA|NA|NA|NA|NA|NA|NA|NA|NA|NA|0.02|NA|NA|NA|NA|NA|NA|NA|NA|0.01|NA|NA|NA|NA|NA|NA|NA|NA|NA|NA|2|NA|NA|NA|NA|NA|NA|NA|NA|3|NA|NA|20170714|20170326
ai001004.01|20170131|FY2|20180531|2016-12-21|20161221|20160531|20161130|1217|NA|2.23|44200000|NA|NA|NA|102460000|165470000|2.06|NA|15.68|2.09|951900000|46020000|55700000|NA|99580000|1910820000|NA|NA|NA|NA|NA|NA|NA|NA|NA|NA|0.12|NA|NA|NA|NA|NA|NA|NA|NA|0.04|NA|NA|NA|NA|NA|NA|NA|NA|NA|NA|2|NA|NA|NA|NA|NA|NA|NA|NA|3|NA|NA|20170714|20170326
ai001004.01|20170131|FY3|20190531|2016-12-21|20161221|20160531|20161130|1217|NA|3.29|37150000|NA|NA|NA|146060000|197010000|2.57|NA|16.9|2.76|1028600000|63740000|92340000|NA|142060000|2113860000|NA|NA|NA|NA|NA|NA|NA|NA|NA|NA|NA|NA|NA|NA|NA|NA|NA|NA|NA|NA|NA|NA|NA|NA|NA|NA|NA|NA|NA|NA|NA|NA|NA|NA|NA|NA|NA|NA|NA|NA|NA|NA|20170714|20170326
ai001004.01|20170131|FY4|20200531|2016-12-21|20161221|20160531|20161130|1217|NA|NA|3.7e+07|NA|NA|NA|NA|2.05e+08|2.4|NA|NA|NA|NA|2.04e+08|NA|NA|NA|2.165e+09|NA|NA|NA|NA|NA|NA|NA|NA|NA|NA|NA|NA|NA|NA|NA|NA|NA|NA|NA|NA|NA|NA|NA|NA|NA|NA|NA|NA|NA|NA|NA|NA|NA|NA|NA|NA|NA|NA|NA|NA|NA|NA|20170714|20170326
ai001045.04|20170131|FQ1|20170331|2017-01-27|20170127|20161231|20161231|17252|7.88|-1.77|NA|NA|0.11|NA|684320000|1.266e+09|0.52|NA|7.59|0.57|3871400000|17162320000|274280000|NA|438190000|9600130000|NA|28.85|NA|NA|NA|NA|NA|NA|NA|NA|NA|NA|NA|NA|NA|NA|NA|NA|NA|NA|NA|NA|NA|NA|NA|NA|NA|NA|NA|NA|13|NA|NA|NA|NA|NA|NA|NA|NA|7|NA|NA|20180127|20170423
ai001045.04|20170131|FQ2|20170630|2017-01-27|20170127|20161231|20161231|17252|8.56|-0.86|NA|NA|0.11|NA|1466490000|2076470000|1.55|NA|14.39|1.63|4059370000|17443820000|760970000|NA|1242180000|10802490000|NA|78.84|NA|NA|NA|NA|NA|NA|NA|NA|NA|NA|NA|NA|NA|NA|NA|NA|NA|NA|NA|NA|NA|NA|NA|NA|NA|NA|NA|NA|12|NA|NA|NA|NA|NA|NA|NA|NA|7|NA|NA|20180127|20170423
ai001045.04|20170131|FQ3|20170930|2017-01-27|20170127|20161231|20161231|17252|9.77|0.12|NA|NA|0.12|NA|1525730000|2145010000|1.62|NA|14.61|1.66|4418730000|17928080000|792230000|NA|1279020000|11028080000|NA|76|NA|NA|NA|NA|NA|NA|NA|NA|NA|NA|NA|NA|NA|NA|NA|NA|NA|NA|NA|NA|NA|NA|NA|NA|NA|NA|NA|NA|NA|NA|NA|NA|NA|NA|NA|NA|NA|NA|NA|NA|20180127|20170423
ai001045.04|20170131|FQ4|20171231|2017-01-27|20170127|20161231|20161231|17252|9.9|-0.6|NA|NA|0.12|NA|960360000|1551210000|0.96|NA|8.54|0.77|4478120000|19169120000|435840000|NA|682140000|10142390000|NA|32.96|NA|NA|NA|NA|NA|NA|NA|NA|NA|NA|NA|NA|NA|NA|NA|NA|NA|NA|NA|NA|NA|NA|NA|NA|NA|NA|NA|NA|NA|NA|NA|NA|NA|NA|NA|NA|NA|NA|NA|NA|20180127|20170423
ai001045.04|20170131|FY1|20171231|2017-01-27|20170127|20161231|20161231|17252|11.58|3.92|5537760000|NA|0.45|NA|4624330000|7166080000|4.61|NA|16.99|4.53|5676380000|22117390000|2268110000|NA|3657610000|41580590000|4.46|49.7|NA|NA|NA|NA|NA|NA|NA|NA|0.06|NA|NA|NA|NA|NA|NA|NA|NA|0.01|NA|NA|NA|NA|NA|NA|NA|NA|NA|NA|11|NA|NA|NA|NA|NA|NA|NA|NA|13|NA|NA|20180127|20170423
ai001045.04|20170131|FY2|20181231|2017-01-27|20170127|20161231|20161231|17252|15.4|-0.19|3982870000|NA|0.48|NA|4980810000|7734810000|5.29|NA|11.68|5.26|5110360000|23082530000|2493050000|NA|4020170000|42964550000|4.84|42.6|NA|NA|NA|NA|NA|NA|NA|NA|0.09|NA|NA|NA|NA|NA|NA|NA|NA|0.01|NA|NA|NA|NA|NA|NA|NA|NA|NA|NA|11|NA|NA|NA|NA|NA|NA|NA|NA|13|NA|NA|20180127|20170423
ai001045.04|20170131|FY3|20191231|2017-01-27|20170127|20161231|20161231|17252|21.87|8.96|4354380000|NA|0.61|NA|5398940000|8662620000|6.68|NA|NA|6.27|2303160000|11265210000|2878770000|NA|4676700000|44660130000|4.93|19.51|NA|NA|NA|NA|NA|NA|NA|NA|NA|NA|NA|NA|NA|NA|NA|NA|NA|NA|NA|NA|NA|NA|NA|NA|NA|NA|NA|NA|NA|NA|NA|NA|NA|NA|NA|NA|NA|NA|NA|NA|20180127|20170423
ai001045.04|20170131|FY4|20201231|2017-01-27|20170127|20161231|20161231|17252|NA|NA|NA|NA|0.4|NA|6.492e+09|8.634e+09|8.58|NA|NA|NA|5.964e+09|NA|3.265e+09|NA|NA|4.5128e+10|NA|NA|NA|NA|NA|NA|NA|NA|NA|NA|NA|NA|NA|NA|NA|NA|NA|NA|NA|NA|NA|NA|NA|NA|NA|NA|NA|NA|NA|NA|NA|NA|NA|NA|NA|NA|NA|NA|NA|NA|NA|NA|20180127|20170423
ai001072.01|20170131|FQ1|20170331|2017-01-31|20170124|20160331|20161231|17281|NA|NA|1430000|NA|0.11|NA|42100000|53100000|0.19|NA|22|0.19|NA|NA|31700000|NA|44100000|325300000|NA|NA|NA|NA|NA|NA|NA|NA|NA|NA|NA|NA|NA|NA|NA|NA|NA|NA|NA|NA|NA|NA|NA|NA|NA|NA|NA|NA|NA|NA|2|NA|NA|NA|NA|NA|NA|NA|NA|1|NA|NA|20170424|20170424
ai001072.01|20170131|FQ2|20170630|2017-01-31|20170124|20160331|20161231|17281|NA|NA|NA|NA|0.11|NA|42900000|5.4e+07|0.19|NA|22.5|0.19|NA|NA|32300000|NA|44900000|322600000|NA|NA|NA|NA|NA|NA|NA|NA|NA|NA|NA|NA|NA|NA|NA|NA|NA|NA|NA|NA|NA|NA|NA|NA|NA|NA|NA|NA|NA|NA|2|NA|NA|NA|NA|NA|NA|NA|NA|1|NA|NA|20170424|20170424
ai001072.01|20170131|FQ3|20170930|2017-01-31|20170124|20160331|20161231|17281|NA|NA|NA|NA|0.11|NA|46400000|57600000|0.19|NA|23|0.21|NA|NA|34900000|NA|48400000|331800000|NA|NA|NA|NA|NA|NA|NA|NA|NA|NA|NA|NA|NA|NA|NA|NA|NA|NA|NA|NA|NA|NA|NA|NA|NA|NA|NA|NA|NA|NA|NA|NA|NA|NA|NA|NA|NA|NA|NA|NA|NA|NA|20170424|20170424
ai001072.01|20170131|FQ4|20171231|2017-01-31|20170124|20160331|20161231|17281|NA|NA|NA|NA|0.11|NA|45500000|56700000|0.2|NA|23|0.2|NA|NA|34200000|NA|47500000|324700000|NA|NA|NA|NA|NA|NA|NA|NA|NA|NA|NA|NA|NA|NA|NA|NA|NA|NA|NA|NA|NA|NA|NA|NA|NA|NA|NA|NA|NA|NA|NA|NA|NA|NA|NA|NA|NA|NA|NA|NA|NA|NA|20170424|20170424
ai001072.01|20170131|FY1|20170331|2017-01-31|20170124|20160331|20161231|17281|NA|NA|1.5e+07|NA|0.43|NA|164200000|205800000|0.76|NA|21.6|0.74|NA|NA|1.26e+08|NA|175300000|1308400000|5.4|5.4|NA|NA|NA|NA|NA|NA|NA|NA|0.01|NA|NA|NA|NA|NA|NA|NA|NA|0|NA|NA|NA|NA|NA|NA|NA|NA|NA|NA|2|NA|NA|NA|NA|NA|NA|NA|NA|1|NA|NA|20170424|20170424
ai001072.01|20170131|FY2|20180331|2017-01-31|20170124|20160331|20161231|17281|NA|NA|NA|NA|0.43|NA|175500000|220200000|0.75|NA|23.5|0.79|NA|NA|132100000|NA|183500000|1244100000|NA|NA|NA|NA|NA|NA|NA|NA|NA|NA|0.05|NA|NA|NA|NA|NA|NA|NA|NA|0|NA|NA|NA|NA|NA|NA|NA|NA|NA|NA|2|NA|NA|NA|NA|NA|NA|NA|NA|1|NA|NA|20170424|20170424
ai001072.01|20170131|FY3|20190331|2017-01-31|20170124|20160331|20161231|17281|NA|NA|NA|NA|0.48|NA|NA|NA|0.66|NA|NA|NA|NA|NA|NA|NA|NA|NA|NA|NA|NA|NA|NA|NA|NA|NA|NA|NA|NA|NA|NA|NA|NA|NA|NA|NA|NA|NA|NA|NA|NA|NA|NA|NA|NA|NA|NA|NA|NA|NA|NA|NA|NA|NA|NA|NA|NA|NA|NA|NA|20170424|20170424
ai001075.01|20170131|FQ1|20161231|2016-11-03|20161103|20151231|20160930|1974|NA|-0.04|NA|NA|NA|NA|137800000|268730000|0.48|NA|56.44|0.46|NA|NA|51720000|NA|87330000|763270000|NA|NA|NA|NA|NA|NA|NA|NA|NA|NA|NA|NA|NA|NA|NA|NA|NA|NA|NA|NA|NA|NA|NA|NA|NA|NA|NA|NA|NA|NA|3|NA|NA|NA|NA|NA|NA|NA|NA|4|NA|NA|20170219|20170219
ai001075.01|20170131|FQ2|20170331|2016-11-03|20161103|20151231|20160930|1974|NA|0.86|NA|NA|NA|NA|53950000|186620000|0.15|NA|NA|-0.02|NA|NA|-2510000|NA|1.8e+07|698130000|NA|NA|NA|NA|NA|NA|NA|NA|NA|NA|NA|NA|NA|NA|NA|NA|NA|NA|NA|NA|NA|NA|NA|NA|NA|NA|NA|NA|NA|NA|4|NA|NA|NA|NA|NA|NA|NA|NA|3|NA|NA|20170219|20170219
ai001075.01|20170131|FQ3|20170630|2016-11-03|20161103|20151231|20160930|1974|NA|2.85|NA|NA|NA|NA|251250000|379780000|1.12|NA|NA|1.12|NA|NA|124450000|NA|1.9e+08|921850000|NA|NA|NA|NA|NA|NA|NA|NA|NA|NA|NA|NA|NA|NA|NA|NA|NA|NA|NA|NA|NA|NA|NA|NA|NA|NA|NA|NA|NA|NA|NA|NA|NA|NA|NA|NA|NA|NA|NA|NA|NA|NA|20170219|20170219
ai001075.01|20170131|FQ4|20170930|2016-11-03|20161103|20151231|20160930|1974|NA|5.11|NA|NA|NA|NA|502710000|642150000|2.46|NA|NA|2.56|NA|NA|284410000|NA|4.35e+08|1227570000|NA|NA|NA|NA|NA|NA|NA|NA|NA|NA|NA|NA|NA|NA|NA|NA|NA|NA|NA|NA|NA|NA|NA|NA|NA|NA|NA|NA|NA|NA|NA|NA|NA|NA|NA|NA|NA|NA|NA|NA|NA|NA|20170219|20170219
ai001075.01|20170131|FY1|20161231|2016-11-03|20161103|20151231|20160930|1974|42.71|8.66|1.233e+09|NA|2.56|NA|866490000|1350720000|3.95|NA|66.76|3.94|4838220000|3919130000|442940000|NA|694890000|3542470000|3.1|9.58|NA|NA|NA|NA|NA|NA|NA|NA|0.01|NA|NA|NA|NA|NA|NA|NA|NA|0.01|NA|NA|NA|NA|NA|NA|NA|NA|NA|NA|14|NA|NA|NA|NA|NA|NA|NA|NA|12|NA|NA|20170219|20170219
ai001075.01|20170131|FY2|20171231|2016-11-03|20161103|20151231|20160930|1974|44.3|9.98|1.337e+09|NA|2.66|NA|927690000|1453820000|4.22|NA|67.58|4.2|5027010000|4415870000|473620000|NA|734750000|3680090000|NA|9.73|NA|NA|NA|NA|NA|NA|NA|NA|0.01|NA|NA|NA|NA|NA|NA|NA|NA|0.03|NA|NA|NA|NA|NA|NA|NA|NA|NA|NA|8|NA|NA|NA|NA|NA|NA|NA|NA|10|NA|NA|20170219|20170219
ai001075.01|20170131|FY3|20181231|2016-11-03|20161103|20151231|20160930|1974|46.02|8.54|1.124e+09|NA|2.78|NA|970500000|1518600000|4.45|NA|68.39|4.47|5207870000|4370420000|501840000|NA|756700000|3732600000|3.2|10.06|NA|NA|NA|NA|NA|NA|NA|NA|NA|NA|NA|NA|NA|NA|NA|NA|NA|NA|NA|NA|NA|NA|NA|NA|NA|NA|NA|NA|NA|NA|NA|NA|NA|NA|NA|NA|NA|NA|NA|NA|20170219|20170219
ai001075.01|20170131|FY4|20191231|2016-11-03|20161103|20151231|20160930|1974|46.51|NA|1143770000|NA|2.92|NA|1060070000|1731800000|4.68|NA|NA|4.68|5.485e+09|4.144e+09|523290000|NA|8.48e+08|3894410000|NA|9.95|NA|NA|NA|NA|NA|NA|NA|NA|NA|NA|NA|NA|NA|NA|NA|NA|NA|NA|NA|NA|NA|NA|NA|NA|NA|NA|NA|NA|NA|NA|NA|NA|NA|NA|NA|NA|NA|NA|NA|NA|20170219|20170219
ai001075.01|20170131|FY5|20201231|2016-11-03|20161103|20151231|20160930|1974|48.14|NA|1097020000|NA|NA|NA|1113800000|1.84e+09|4.95|NA|NA|4.95|5.732e+09|NA|554380000|NA|9.11e+08|4002260000|NA|10|NA|NA|NA|NA|NA|NA|NA|NA|NA|NA|NA|NA|NA|NA|NA|NA|NA|NA|NA|NA|NA|NA|NA|NA|NA|NA|NA|NA|NA|NA|NA|NA|NA|NA|NA|NA|NA|NA|NA|NA|20170219|20170219
ai001076.01|20170131|FQ1|20161231|2017-01-12|20161028|20151231|20160930|17267|20.37|NA|17160000|NA|0.02|NA|52090000|69890000|0.44|NA|48.4|0.36|1477830000|NA|30980000|NA|43560000|814520000|5.07|9|NA|NA|NA|NA|NA|NA|NA|NA|NA|NA|NA|NA|NA|NA|NA|NA|NA|NA|NA|NA|NA|NA|NA|NA|NA|NA|NA|NA|9|NA|NA|NA|NA|NA|NA|NA|NA|7|NA|NA|20170216|20170216
ai001076.01|20170131|FQ2|20170331|2017-01-12|20161028|20151231|20160930|17267|21.03|NA|17670000|NA|0.02|NA|86460000|104800000|0.74|NA|49.81|0.68|1.52e+09|NA|52060000|NA|79070000|842370000|6.78|11.34|NA|NA|NA|NA|NA|NA|NA|NA|NA|NA|NA|NA|NA|NA|NA|NA|NA|NA|NA|NA|NA|NA|NA|NA|NA|NA|NA|NA|7|NA|NA|NA|NA|NA|NA|NA|NA|6|NA|NA|20170216|20170216
ai001076.01|20170131|FQ3|20170630|2017-01-12|20161028|20151231|20160930|17267|21.6|NA|17670000|NA|0.02|NA|78650000|92020000|0.65|NA|50.16|0.61|1557750000|NA|45730000|NA|71990000|795430000|6.39|10.38|NA|NA|NA|NA|NA|NA|NA|NA|NA|NA|NA|NA|NA|NA|NA|NA|NA|NA|NA|NA|NA|NA|NA|NA|NA|NA|NA|NA|NA|NA|NA|NA|NA|NA|NA|NA|NA|NA|NA|NA|20170216|20170216
ai001076.01|20170131|FQ4|20170930|2017-01-12|20161028|20151231|20160930|17267|22.07|NA|17670000|NA|0.02|NA|66580000|80930000|0.55|NA|49.89|0.54|1589660000|NA|38870000|NA|59920000|781420000|5.83|9.6|NA|NA|NA|NA|NA|NA|NA|NA|NA|NA|NA|NA|NA|NA|NA|NA|NA|NA|NA|NA|NA|NA|NA|NA|NA|NA|NA|NA|NA|NA|NA|NA|NA|NA|NA|NA|NA|NA|NA|NA|20170216|20170216
ai001076.01|20170131|FY1|20161231|2017-01-12|20161028|20151231|20160930|17267|20.37|NA|67490000|NA|0.1|NA|267690000|338140000|2.26|NA|49.78|1.95|1477830000|NA|160710000|NA|225640000|3227620000|5.8|11.24|NA|NA|NA|NA|NA|NA|NA|NA|0.01|NA|NA|NA|NA|NA|NA|NA|NA|0|NA|NA|NA|NA|NA|NA|NA|NA|NA|NA|7|NA|NA|NA|NA|NA|NA|NA|NA|9|NA|NA|20170216|20170216
ai001076.01|20170131|FY2|20171231|2017-01-12|20161028|20151231|20160930|17267|22.54|NA|70690000|NA|0.1|NA|295940000|361820000|2.48|NA|49.36|2.34|1623110000|NA|177790000|NA|270340000|3260340000|6.54|10.91|NA|NA|NA|NA|NA|NA|NA|NA|0.03|NA|NA|NA|NA|NA|NA|NA|NA|0.02|NA|NA|NA|NA|NA|NA|NA|NA|NA|NA|7|NA|NA|NA|NA|NA|NA|NA|NA|9|NA|NA|20170216|20170216
ai001076.01|20170131|FY3|20181231|2017-01-12|20161028|20151231|20160930|17267|25.07|NA|72810000|NA|0.1|NA|333900000|393350000|2.82|NA|48.84|2.71|1815330000|NA|202130000|NA|303660000|3376460000|7.33|11.34|NA|NA|NA|NA|NA|NA|NA|NA|NA|NA|NA|NA|NA|NA|NA|NA|NA|NA|NA|NA|NA|NA|NA|NA|NA|NA|NA|NA|NA|NA|NA|NA|NA|NA|NA|NA|NA|NA|NA|NA|20170216|20170216
ai001076.01|20170131|FY4|20191231|2017-01-12|20161028|20151231|20160930|17267|28.06|NA|NA|NA|NA|NA|NA|453370000|3.22|NA|NA|3.27|2054190000|NA|239210000|NA|376710000|3479870000|8.3|11.6|NA|NA|NA|NA|NA|NA|NA|NA|NA|NA|NA|NA|NA|NA|NA|NA|NA|NA|NA|NA|NA|NA|NA|NA|NA|NA|NA|NA|NA|NA|NA|NA|NA|NA|NA|NA|NA|NA|NA|NA|20170216|20170216
ai001076.01|20170131|FY5|20201231|2017-01-12|20161028|20151231|20160930|17267|31.74|NA|NA|NA|NA|NA|NA|506360000|3.63|NA|NA|3.77|2323140000|NA|276210000|NA|434970000|3591190000|9.3|11.9|NA|NA|NA|NA|NA|NA|NA|NA|NA|NA|NA|NA|NA|NA|NA|NA|NA|NA|NA|NA|NA|NA|NA|NA|NA|NA|NA|NA|NA|NA|NA|NA|NA|NA|NA|NA|NA|NA|NA|NA|20170216|20170216
ai001078.01|20170131|FQ1|20170331|2017-01-25|20170125|20161231|20161231|853|NA|0.73|NA|NA|NA|NA|1080920000|1386130000|0.43|NA|59.29|0.42|NA|NA|746620000|NA|877450000|6165310000|NA|14.44|NA|NA|NA|NA|NA|NA|NA|NA|NA|NA|NA|NA|NA|NA|NA|NA|NA|NA|NA|NA|NA|NA|NA|NA|NA|NA|NA|NA|14|NA|NA|NA|NA|NA|NA|NA|NA|13|NA|NA|20180125|20170421
ai001078.01|20170131|FQ2|20170630|2017-01-25|20170125|20161231|20161231|853|NA|0.7|NA|NA|NA|NA|1385510000|1678670000|0.6|NA|59.79|0.49|NA|NA|1030980000|NA|1213700000|6582500000|NA|20.12|NA|NA|NA|NA|NA|NA|NA|NA|NA|NA|NA|NA|NA|NA|NA|NA|NA|NA|NA|NA|NA|NA|NA|NA|NA|NA|NA|NA|13|NA|NA|NA|NA|NA|NA|NA|NA|13|NA|NA|20180125|20170421
ai001078.01|20170131|FQ3|20170930|2017-01-25|20170125|20161231|20161231|853|NA|0.79|NA|NA|NA|NA|1.531e+09|1862270000|0.68|NA|60.14|0.65|NA|NA|1160870000|NA|1368310000|6621800000|NA|22.42|NA|NA|NA|NA|NA|NA|NA|NA|NA|NA|NA|NA|NA|NA|NA|NA|NA|NA|NA|NA|NA|NA|NA|NA|NA|NA|NA|NA|NA|NA|NA|NA|NA|NA|NA|NA|NA|NA|NA|NA|20180125|20170421
ai001078.01|20170131|FQ4|20171231|2017-01-25|20170125|20161231|20161231|853|NA|0.87|NA|NA|NA|NA|1700500000|2045210000|0.75|NA|60.79|0.71|NA|NA|1303210000|NA|1547750000|6730450000|NA|NA|NA|NA|NA|NA|NA|NA|NA|NA|NA|NA|NA|NA|NA|NA|NA|NA|NA|NA|NA|NA|NA|NA|NA|NA|NA|NA|NA|NA|NA|NA|NA|NA|NA|NA|NA|NA|NA|NA|NA|NA|20180125|20170421
ai001078.01|20170131|FY1|20171231|2017-01-25|20170125|20161231|20161231|853|18.6|3.17|1350200000|NA|1.01|NA|5713450000|6961360000|2.45|NA|60.01|2.28|37527200000|18566510000|4383470000|4888630000|5014070000|26078440000|8.85|17.06|NA|NA|NA|NA|NA|NA|NA|NA|0|NA|NA|NA|NA|NA|NA|NA|NA|0.01|NA|NA|NA|NA|NA|NA|NA|NA|NA|NA|13|NA|NA|NA|NA|NA|NA|NA|NA|15|NA|NA|20180125|20170421
ai001078.01|20170131|FY2|20181231|2017-01-25|20170125|20161231|20161231|853|19.47|3.51|1285330000|NA|1.04|NA|6200150000|7460650000|2.76|NA|60.43|2.7|45807010000|16388970000|4781670000|5295350000|5680690000|27380520000|8.51|13.89|NA|NA|NA|NA|NA|NA|NA|NA|0.02|NA|NA|NA|NA|NA|NA|NA|NA|0.01|NA|NA|NA|NA|NA|NA|NA|NA|NA|NA|9|NA|NA|NA|NA|NA|NA|NA|NA|13|NA|NA|20180125|20170421
ai001078.01|20170131|FY3|20191231|2017-01-25|20170125|20161231|20161231|853|20.74|4.18|1198630000|NA|1.32|NA|6514530000|8060130000|3.08|NA|60.76|3.3|20634780000|12790630000|5292890000|NA|6295710000|28928670000|9.4|17.68|NA|NA|NA|NA|NA|NA|NA|NA|NA|NA|NA|NA|NA|NA|NA|NA|NA|NA|NA|NA|NA|NA|NA|NA|NA|NA|NA|NA|NA|NA|NA|NA|NA|NA|NA|NA|NA|NA|NA|NA|20180125|20170421
ai001078.01|20170131|FY4|20201231|2017-01-25|20170125|20161231|20161231|853|22.92|4.93|1112400000|NA|NA|NA|7517750000|8845580000|3.41|NA|61.08|3.91|NA|10145800000|5.88e+09|NA|7096700000|30671890000|10.2|20.1|NA|NA|NA|NA|NA|NA|NA|NA|NA|NA|NA|NA|NA|NA|NA|NA|NA|NA|NA|NA|NA|NA|NA|NA|NA|NA|NA|NA|NA|NA|NA|NA|NA|NA|NA|NA|NA|NA|NA|NA|20180125|20170421
ai001078.01|20170131|FY5|20211231|2017-01-25|20170125|20161231|20161231|853|NA|NA|NA|NA|NA|NA|8115720000|9516190000|3.71|NA|61.55|NA|NA|NA|6380020000|NA|7727310000|32041370000|NA|NA|NA|NA|NA|NA|NA|NA|NA|NA|NA|NA|NA|NA|NA|NA|NA|NA|NA|NA|NA|NA|NA|NA|NA|NA|NA|NA|NA|NA|NA|NA|NA|NA|NA|NA|NA|NA|NA|NA|NA|NA|20180125|20170421
ai001094.01|20170131|FQ1|20161231|2016-11-25|20161102|20160630|20160930|126377|10.59|NA|5e+05|NA|NA|NA|11920000|14570000|0.3|NA|24.15|0.04|NA|NA|6920000|NA|10710000|130480000|NA|11.2|NA|NA|NA|NA|NA|NA|NA|NA|NA|NA|NA|NA|NA|NA|NA|NA|NA|NA|NA|NA|NA|NA|NA|NA|NA|NA|NA|NA|3|NA|NA|NA|NA|NA|NA|NA|NA|2|NA|NA|20170825|20170202
ai001094.01|20170131|FQ2|20170331|2016-11-25|20161102|20160630|20160930|126377|11.05|NA|5e+05|NA|NA|NA|25290000|27820000|0.47|NA|25.47|0.32|NA|NA|15020000|NA|23270000|204500000|NA|12|NA|NA|NA|NA|NA|NA|NA|NA|NA|NA|NA|NA|NA|NA|NA|NA|NA|NA|NA|NA|NA|NA|NA|NA|NA|NA|NA|NA|2|NA|NA|NA|NA|NA|NA|NA|NA|3|NA|NA|20170825|20170202
ai001094.01|20170131|FQ3|20170630|2016-11-25|20161102|20160630|20160930|126377|11.48|NA|5e+05|NA|NA|NA|27490000|30030000|0.51|NA|26.32|0.34|NA|NA|15680000|NA|24270000|202980000|NA|14.3|NA|NA|NA|NA|NA|NA|NA|NA|NA|NA|NA|NA|NA|NA|NA|NA|NA|NA|NA|NA|NA|NA|NA|NA|NA|NA|NA|NA|NA|NA|NA|NA|NA|NA|NA|NA|NA|NA|NA|NA|20170825|20170202
ai001094.01|20170131|FQ4|20170930|2016-11-25|20161102|20160630|20160930|126377|NA|NA|5e+06|NA|NA|NA|20400000|24170000|0.42|NA|25.46|0.23|NA|NA|10140000|NA|15680000|182980000|NA|NA|NA|NA|NA|NA|NA|NA|NA|NA|NA|NA|NA|NA|NA|NA|NA|NA|NA|NA|NA|NA|NA|NA|NA|NA|NA|NA|NA|NA|NA|NA|NA|NA|NA|NA|NA|NA|NA|NA|NA|NA|20170825|20170202
ai001094.01|20170131|FY1|20170630|2016-11-25|20161102|20160630|20160930|126377|11.48|NA|1040000|NA|NA|NA|77130000|86610000|1.58|NA|25.24|0.88|NA|NA|44480000|NA|68970000|667880000|NA|12.6|NA|NA|NA|NA|NA|NA|NA|NA|0.01|NA|NA|NA|NA|NA|NA|NA|NA|0|NA|NA|NA|NA|NA|NA|NA|NA|NA|NA|3|NA|NA|NA|NA|NA|NA|NA|NA|3|NA|NA|20170825|20170202
ai001094.01|20170131|FY2|20180630|2016-11-25|20161102|20160630|20160930|126377|13.21|NA|2590000|NA|NA|NA|103400000|113230000|1.88|NA|25.99|1.19|NA|NA|56920000|NA|88600000|796890000|NA|13.21|NA|NA|NA|NA|NA|NA|NA|NA|0.04|NA|NA|NA|NA|NA|NA|NA|NA|0.02|NA|NA|NA|NA|NA|NA|NA|NA|NA|NA|3|NA|NA|NA|NA|NA|NA|NA|NA|3|NA|NA|20170825|20170202
ai001094.01|20170131|FY3|20190630|2016-11-25|20161102|20160630|20160930|126377|NA|NA|3300000|NA|NA|NA|72680000|NA|NA|NA|NA|NA|NA|NA|46510000|NA|NA|869190000|NA|NA|NA|NA|NA|NA|NA|NA|NA|NA|NA|NA|NA|NA|NA|NA|NA|NA|NA|NA|NA|NA|NA|NA|NA|NA|NA|NA|NA|NA|NA|NA|NA|NA|NA|NA|NA|NA|NA|NA|NA|NA|20170825|20170202
ai001094.01|20170131|FY4|20200630|2016-11-25|20161102|20160630|20160930|126377|NA|NA|3630000|NA|NA|NA|81150000|NA|NA|NA|NA|NA|NA|NA|51120000|NA|NA|943070000|NA|NA|NA|NA|NA|NA|NA|NA|NA|NA|NA|NA|NA|NA|NA|NA|NA|NA|NA|NA|NA|NA|NA|NA|NA|NA|NA|NA|NA|NA|NA|NA|NA|NA|NA|NA|NA|NA|NA|NA|NA|NA|20170825|20170202
ai001094.01|20170131|FY5|20210630|2016-11-25|20161102|20160630|20160930|126377|NA|NA|3990000|NA|NA|NA|86830000|NA|NA|NA|NA|NA|NA|NA|54700000|NA|NA|1023230000|NA|NA|NA|NA|NA|NA|NA|NA|NA|NA|NA|NA|NA|NA|NA|NA|NA|NA|NA|NA|NA|NA|NA|NA|NA|NA|NA|NA|NA|NA|NA|NA|NA|NA|NA|NA|NA|NA|NA|NA|NA|NA|20170825|20170202
ai001161.01|20170131|FQ1|20170331|2017-01-31|20170131|20161231|20161231|1382|0.22|0|16630000|NA|NA|NA|-10150000|23930000|-0.04|NA|32.48|-0.07|296850000|512820000|-41060000|NA|-36330000|960860000|-3.29|NA|NA|NA|NA|NA|NA|NA|NA|NA|NA|NA|NA|NA|NA|NA|NA|NA|NA|NA|NA|NA|NA|NA|NA|NA|NA|NA|NA|NA|16|NA|NA|NA|NA|NA|NA|NA|NA|18|NA|NA|20180131|20170418
ai001161.01|20170131|FQ2|20170630|2017-01-31|20170131|20161231|20161231|1382|0.4|0.05|17520000|NA|NA|NA|32150000|53680000|0.01|NA|32.01|-0.03|304540000|373540000|1030000|NA|1370000|1100480000|0.75|NA|NA|NA|NA|NA|NA|NA|NA|NA|NA|NA|NA|NA|NA|NA|NA|NA|NA|NA|NA|NA|NA|NA|NA|NA|NA|NA|NA|NA|17|NA|NA|NA|NA|NA|NA|NA|NA|6|NA|NA|20180131|20170418
ai001161.01|20170131|FQ3|20170930|2017-01-31|20170131|20161231|20161231|1382|0.28|-0.01|18400000|NA|NA|NA|114300000|127010000|0.08|NA|32.52|0.06|337460000|-42820000|83830000|NA|77920000|1351800000|0.69|NA|NA|NA|NA|NA|NA|NA|NA|NA|NA|NA|NA|NA|NA|NA|NA|NA|NA|NA|NA|NA|NA|NA|NA|NA|NA|NA|NA|NA|NA|NA|NA|NA|NA|NA|NA|NA|NA|NA|NA|NA|20180131|20170418
ai001161.01|20170131|FQ4|20171231|2017-01-31|20170131|20161231|20161231|1382|0.35|0.1|17940000|NA|NA|NA|98690000|88480000|0.06|NA|33.67|0.03|385910000|64730000|67600000|NA|69130000|1261820000|0.75|NA|NA|NA|NA|NA|NA|NA|NA|NA|NA|NA|NA|NA|NA|NA|NA|NA|NA|NA|NA|NA|NA|NA|NA|NA|NA|NA|NA|NA|NA|NA|NA|NA|NA|NA|NA|NA|NA|NA|NA|NA|20180131|20170418
ai001161.01|20170131|FY1|20171231|2017-01-31|20170131|20161231|20161231|1382|0.53|0.22|72880000|NA|0|NA|231580000|315670000|0.1|NA|32.91|0.01|319180000|268050000|111280000|NA|105280000|4625550000|0.19|1.89|NA|NA|NA|NA|NA|NA|NA|NA|1.07|NA|NA|NA|NA|NA|NA|NA|NA|0.06|NA|NA|NA|NA|NA|NA|NA|NA|NA|NA|9|NA|NA|NA|NA|NA|NA|NA|NA|23|NA|NA|20180131|20170418
ai001161.01|20170131|FY2|20181231|2017-01-31|20170131|20161231|20161231|1382|0.91|0.28|81480000|NA|0|NA|392550000|263100000|0.33|NA|35.11|0.32|699490000|125110000|318640000|NA|321250000|5269980000|3.84|27.21|NA|NA|NA|NA|NA|NA|NA|NA|0.55|NA|NA|NA|NA|NA|NA|NA|NA|0.08|NA|NA|NA|NA|NA|NA|NA|NA|NA|NA|9|NA|NA|NA|NA|NA|NA|NA|NA|7|NA|NA|20180131|20170418
ai001161.01|20170131|FY3|20191231|2017-01-31|20170131|20161231|20161231|1382|NA|NA|NA|NA|NA|NA|5.33e+08|NA|0.45|NA|33.8|0.33|NA|NA|4.23e+08|NA|4.43e+08|5.626e+09|NA|NA|NA|NA|NA|NA|NA|NA|NA|NA|NA|NA|NA|NA|NA|NA|NA|NA|NA|NA|NA|NA|NA|NA|NA|NA|NA|NA|NA|NA|NA|NA|NA|NA|NA|NA|NA|NA|NA|NA|NA|NA|20180131|20170418
ai001161.01|20170131|FY4|20201231|2017-01-31|20170131|20161231|20161231|1382|NA|NA|NA|NA|NA|NA|6.72e+08|NA|0.6|NA|34.3|0.47|NA|NA|5.67e+08|NA|5.92e+08|5.936e+09|NA|NA|NA|NA|NA|NA|NA|NA|NA|NA|NA|NA|NA|NA|NA|NA|NA|NA|NA|NA|NA|NA|NA|NA|NA|NA|NA|NA|NA|NA|NA|NA|NA|NA|NA|NA|NA|NA|NA|NA|NA|NA|20180131|20170418
ai001166.01|20170131|FQ1|20161231|2017-01-26|20161026|20151231|20160930|1761|NA|NA|NA|NA|NA|NA|2.4e+07|NA|0.51|NA|NA|NA|NA|NA|3.1e+07|NA|NA|1.6e+08|NA|NA|NA|NA|NA|NA|NA|NA|NA|NA|NA|NA|NA|NA|NA|NA|NA|NA|NA|NA|NA|NA|NA|NA|NA|NA|NA|NA|NA|NA|1|NA|NA|NA|NA|NA|NA|NA|NA|1|NA|NA|20170301|20170301
ai001166.01|20170131|FY1|20161231|2017-01-26|20161026|20151231|20160930|1761|31.25|1.71|49810000|NA|0.75|NA|78990000|120440000|2.17|NA|43.98|1.64|1909730000|-90580000|135630000|78900000|98400000|584260000|5.03|6.31|NA|NA|NA|NA|NA|NA|NA|NA|0.11|NA|NA|NA|NA|NA|NA|NA|NA|0.01|NA|NA|NA|NA|NA|NA|NA|NA|NA|NA|4|NA|NA|NA|NA|NA|NA|NA|NA|8|NA|NA|20170301|20170301
ai001166.01|20170131|FY2|20171231|2017-01-26|20161026|20151231|20160930|1761|32.84|2.29|48420000|NA|0.83|NA|122310000|153290000|2.9|NA|44.16|2.3|1953480000|-102950000|174660000|94700000|146320000|680040000|5.83|7.74|NA|NA|NA|NA|NA|NA|NA|NA|0.12|NA|NA|NA|NA|NA|NA|NA|NA|0.06|NA|NA|NA|NA|NA|NA|NA|NA|NA|NA|6|NA|NA|NA|NA|NA|NA|NA|NA|7|NA|NA|20170301|20170301
ai001166.01|20170131|FY3|20181231|2017-01-26|20161026|20151231|20160930|1761|34.99|2.56|55860000|NA|1.02|NA|138250000|182230000|3.33|NA|44|2.84|2.077e+09|350000|200880000|NA|176640000|719310000|8.4|9.1|NA|NA|NA|NA|NA|NA|NA|NA|NA|NA|NA|NA|NA|NA|NA|NA|NA|NA|NA|NA|NA|NA|NA|NA|NA|NA|NA|NA|NA|NA|NA|NA|NA|NA|NA|NA|NA|NA|NA|NA|20170301|20170301
ai001177.01|20170131|FQ1|20170331|2017-01-31|20170131|20161231|20161231|1069|NA|3.21|NA|NA|0.25|NA|1356790000|1547180000|2.36|NA|26.3|0.37|NA|NA|820440000|NA|1289600000|15279870000|NA|NA|NA|NA|NA|NA|NA|NA|NA|NA|NA|NA|NA|NA|NA|NA|NA|NA|NA|NA|NA|NA|NA|NA|NA|NA|NA|NA|NA|NA|12|NA|NA|NA|NA|NA|NA|NA|NA|4|NA|NA|20180131|20170428
ai001177.01|20170131|FQ2|20170630|2017-01-31|20170131|20161231|20161231|1069|NA|2.43|NA|NA|0.25|NA|1365110000|1540690000|2.38|NA|26.62|2.07|NA|NA|809040000|NA|1265240000|15189590000|NA|NA|NA|NA|NA|NA|NA|NA|NA|NA|NA|NA|NA|NA|NA|NA|NA|NA|NA|NA|NA|NA|NA|NA|NA|NA|NA|NA|NA|NA|12|NA|NA|NA|NA|NA|NA|NA|NA|4|NA|NA|20180131|20170428
ai001177.01|20170131|FQ3|20170930|2017-01-31|20170131|20161231|20161231|1069|NA|2.39|NA|NA|0.25|NA|1302620000|1469480000|2.27|NA|26.47|2.15|NA|NA|771780000|NA|1228890000|14980460000|NA|NA|NA|NA|NA|NA|NA|NA|NA|NA|NA|NA|NA|NA|NA|NA|NA|NA|NA|NA|NA|NA|NA|NA|NA|NA|NA|NA|NA|NA|NA|NA|NA|NA|NA|NA|NA|NA|NA|NA|NA|NA|20180131|20170428
ai001177.01|20170131|FQ4|20171231|2017-01-31|20170131|20161231|20161231|1069|NA|2.03|NA|NA|0.25|NA|1035470000|1131840000|1.75|NA|25.53|1.66|NA|NA|579780000|NA|910240000|15037660000|NA|NA|NA|NA|NA|NA|NA|NA|NA|NA|NA|NA|NA|NA|NA|NA|NA|NA|NA|NA|NA|NA|NA|NA|NA|NA|NA|NA|NA|NA|NA|NA|NA|NA|NA|NA|NA|NA|NA|NA|NA|NA|20180131|20170428
ai001177.01|20170131|FY1|20171231|2017-01-31|20170131|20161231|20161231|1069|57.01|10.13|353230000|NA|1.01|NA|5211340000|5784100000|8.8|NA|27.34|6.98|19102370000|NA|3009380000|NA|4806230000|60477040000|5.85|15.53|NA|NA|NA|NA|NA|NA|NA|NA|0.01|NA|NA|NA|NA|NA|NA|NA|NA|0.03|NA|NA|NA|NA|NA|NA|NA|NA|NA|NA|16|NA|NA|NA|NA|NA|NA|NA|NA|4|NA|NA|20180131|20170428
ai001177.01|20170131|FY2|20181231|2017-01-31|20170131|20161231|20161231|1069|62.11|12.3|369830000|NA|1.07|NA|5855220000|6366680000|9.67|NA|27.65|9.13|20139320000|NA|3245260000|NA|5451300000|63742820000|6.3|15.78|NA|NA|NA|NA|NA|NA|NA|NA|0.02|NA|NA|NA|NA|NA|NA|NA|NA|0.04|NA|NA|NA|NA|NA|NA|NA|NA|NA|NA|12|NA|NA|NA|NA|NA|NA|NA|NA|4|NA|NA|20180131|20170428
ai001177.01|20170131|FY3|20191231|2017-01-31|20170131|20161231|20161231|1069|NA|NA|NA|NA|NA|NA|3679620000|NA|10.78|NA|26.7|9.61|NA|NA|3507170000|NA|6048770000|71013830000|NA|NA|NA|NA|NA|NA|NA|NA|NA|NA|NA|NA|NA|NA|NA|NA|NA|NA|NA|NA|NA|NA|NA|NA|NA|NA|NA|NA|NA|NA|NA|NA|NA|NA|NA|NA|NA|NA|NA|NA|NA|NA|20180131|20170428
ai001177.01|20170131|FY4|20201231|2017-01-31|20170131|20161231|20161231|1069|NA|NA|NA|NA|NA|NA|3895960000|NA|11.37|NA|NA|10.49|NA|NA|3704580000|NA|6387200000|74042450000|NA|NA|NA|NA|NA|NA|NA|NA|NA|NA|NA|NA|NA|NA|NA|NA|NA|NA|NA|NA|NA|NA|NA|NA|NA|NA|NA|NA|NA|NA|NA|NA|NA|NA|NA|NA|NA|NA|NA|NA|NA|NA|20180131|20170428
ai001186.01|20170131|FQ1|20161231|2016-10-27|20161026|20151231|20160930|126380|19.88|0.81|156400000|NA|0.1|NA|53190000|212420000|0.08|NA|NA|0.1|4467010000|499770000|24010000|NA|39400000|519780000|NA|NA|NA|NA|NA|NA|NA|NA|NA|NA|NA|NA|NA|NA|NA|NA|NA|NA|NA|NA|NA|NA|NA|NA|NA|NA|NA|NA|NA|NA|7|NA|NA|NA|NA|NA|NA|NA|NA|6|NA|NA|20170208|20170208
ai001186.01|20170131|FQ2|20170331|2016-10-27|20161026|20151231|20160930|126380|19.8|0.82|NA|NA|0.1|NA|16370000|217100000|0.13|NA|NA|0.36|4447620000|509270000|-1970000|NA|-2810000|503030000|NA|NA|NA|NA|NA|NA|NA|NA|NA|NA|NA|NA|NA|NA|NA|NA|NA|NA|NA|NA|NA|NA|NA|NA|NA|NA|NA|NA|NA|NA|7|NA|NA|NA|NA|NA|NA|NA|NA|3|NA|NA|20170208|20170208
ai001186.01|20170131|FQ3|20170630|2016-10-27|20161026|20151231|20160930|126380|19.77|0.86|NA|NA|0.1|NA|34820000|238020000|0.16|NA|NA|0.39|4441910000|553950000|11710000|NA|16730000|521640000|NA|NA|NA|NA|NA|NA|NA|NA|NA|NA|NA|NA|NA|NA|NA|NA|NA|NA|NA|NA|NA|NA|NA|NA|NA|NA|NA|NA|NA|NA|NA|NA|NA|NA|NA|NA|NA|NA|NA|NA|NA|NA|20170208|20170208
ai001186.01|20170131|FQ4|20170930|2016-10-27|20161026|20151231|20160930|126380|19.92|0.92|NA|NA|0.1|NA|88890000|258820000|0.21|NA|NA|0.42|4474520000|595120000|50030000|NA|71470000|538630000|NA|NA|NA|NA|NA|NA|NA|NA|NA|NA|NA|NA|NA|NA|NA|NA|NA|NA|NA|NA|NA|NA|NA|NA|NA|NA|NA|NA|NA|NA|NA|NA|NA|NA|NA|NA|NA|NA|NA|NA|NA|NA|20170208|20170208
ai001186.01|20170131|FY1|20161231|2016-10-27|20161026|20151231|20160930|126380|20.08|3.55|473670000|NA|0.37|NA|243750000|853570000|0.59|NA|52.15|0.55|4148730000|528100000|129150000|NA|192060000|2150980000|2.97|2.03|NA|NA|NA|NA|NA|NA|NA|NA|0.08|NA|NA|NA|NA|NA|NA|NA|NA|0.01|NA|NA|NA|NA|NA|NA|NA|NA|NA|NA|6|NA|NA|NA|NA|NA|NA|NA|NA|12|NA|NA|20170208|20170208
ai001186.01|20170131|FY2|20171231|2016-10-27|20161026|20151231|20160930|126380|20.61|3.54|638600000|NA|0.4|NA|419040000|973720000|0.73|NA|53.83|0.93|4676230000|410990000|154230000|NA|357220000|2147390000|4.06|2.23|NA|NA|NA|NA|NA|NA|NA|NA|0.61|NA|NA|NA|NA|NA|NA|NA|NA|0.09|NA|NA|NA|NA|NA|NA|NA|NA|NA|NA|8|NA|NA|NA|NA|NA|NA|NA|NA|11|NA|NA|20170208|20170208
ai001186.01|20170131|FY3|20181231|2016-10-27|20161026|20151231|20160930|126380|21.69|4|743650000|NA|0.4|NA|569390000|1139500000|1.19|NA|59.48|1.35|5156690000|243390000|250760000|NA|472040000|2210960000|6.69|4.02|NA|NA|NA|NA|NA|NA|NA|NA|NA|NA|NA|NA|NA|NA|NA|NA|NA|NA|NA|NA|NA|NA|NA|NA|NA|NA|NA|NA|NA|NA|NA|NA|NA|NA|NA|NA|NA|NA|NA|NA|20170208|20170208
ai001186.01|20170131|FY4|20191231|2016-10-27|20161026|20151231|20160930|126380|NA|4.34|594340000|NA|0.4|NA|NA|1146660000|1.49|NA|59.03|1.63|NA|NA|341490000|NA|558200000|2185880000|7.73|NA|NA|NA|NA|NA|NA|NA|NA|NA|NA|NA|NA|NA|NA|NA|NA|NA|NA|NA|NA|NA|NA|NA|NA|NA|NA|NA|NA|NA|NA|NA|NA|NA|NA|NA|NA|NA|NA|NA|NA|NA|20170208|20170208
ai001186.01|20170131|FY5|20201231|2016-10-27|20161026|20151231|20160930|126380|NA|5.92|425050000|NA|NA|NA|NA|1119740000|1.29|NA|57.18|NA|NA|NA|294910000|NA|NA|2305380000|9.4|NA|NA|NA|NA|NA|NA|NA|NA|NA|NA|NA|NA|NA|NA|NA|NA|NA|NA|NA|NA|NA|NA|NA|NA|NA|NA|NA|NA|NA|NA|NA|NA|NA|NA|NA|NA|NA|NA|NA|NA|NA|20170208|20170208
ai001209.01|20170131|FQ1|20170331|2017-01-27|20170127|20160930|20161231|1558|34.91|2.11|2.5e+08|NA|0.43|NA|418480000|653070000|1.41|NA|30.88|1.49|7670660000|825430000|313660000|NA|414680000|1855740000|NA|16.48|NA|NA|NA|NA|NA|NA|NA|NA|NA|NA|NA|NA|NA|NA|NA|NA|NA|NA|NA|NA|NA|NA|NA|NA|NA|NA|NA|NA|15|NA|NA|NA|NA|NA|NA|NA|NA|11|NA|NA|20171027|20170429
ai001209.01|20170131|FQ2|20170630|2017-01-27|20170127|20160930|20161231|1558|37.51|2.14|2.5e+08|NA|0.43|NA|485020000|721130000|1.67|NA|32.51|1.82|8240220000|747020000|369360000|NA|484500000|1991070000|NA|18.89|NA|NA|NA|NA|NA|NA|NA|NA|NA|NA|NA|NA|NA|NA|NA|NA|NA|NA|NA|NA|NA|NA|NA|NA|NA|NA|NA|NA|11|NA|NA|NA|NA|NA|NA|NA|NA|10|NA|NA|20171027|20170429
ai001209.01|20170131|FQ3|20170930|2017-01-27|20170127|20160930|20161231|1558|40.18|1.86|255360000|NA|0.43|NA|484820000|716570000|1.67|NA|31.92|1.15|8826960000|3610140000|367510000|NA|468550000|2028700000|NA|19.01|NA|NA|NA|NA|NA|NA|NA|NA|NA|NA|NA|NA|NA|NA|NA|NA|NA|NA|NA|NA|NA|NA|NA|NA|NA|NA|NA|NA|NA|NA|NA|NA|NA|NA|NA|NA|NA|NA|NA|NA|20171027|20170429
ai001209.01|20170131|FQ4|20171231|2017-01-27|20170127|20160930|20161231|1558|NA|2.95|2.5e+08|NA|1.05|NA|527070000|732470000|1.65|NA|34.01|1.77|NA|NA|390370000|NA|517360000|2044260000|NA|NA|NA|NA|NA|NA|NA|NA|NA|NA|NA|NA|NA|NA|NA|NA|NA|NA|NA|NA|NA|NA|NA|NA|NA|NA|NA|NA|NA|NA|NA|NA|NA|NA|NA|NA|NA|NA|NA|NA|NA|NA|20171027|20170429
ai001209.01|20170131|FY1|20170930|2017-01-27|20170127|20160930|20161231|1558|42.86|10.24|1011550000|NA|3.71|NA|1775090000|2727700000|6.17|NA|31.95|6.18|7977510000|1170490000|1350840000|NA|1777350000|7751940000|8.41|16.24|NA|NA|NA|NA|NA|NA|NA|NA|0.02|NA|NA|NA|NA|NA|NA|NA|NA|0.03|NA|NA|NA|NA|NA|NA|NA|NA|NA|NA|14|NA|NA|NA|NA|NA|NA|NA|NA|14|NA|NA|20171027|20170429
ai001209.01|20170131|FY2|20180930|2017-01-27|20170127|20160930|20161231|1558|47.44|11.11|1041570000|NA|3.92|NA|1945690000|2907010000|6.9|NA|32.85|6.96|8389730000|1210720000|1499180000|NA|1985570000|8195640000|8.95|16.12|NA|NA|NA|NA|NA|NA|NA|NA|0.05|NA|NA|NA|NA|NA|NA|NA|NA|0.04|NA|NA|NA|NA|NA|NA|NA|NA|NA|NA|14|NA|NA|NA|NA|NA|NA|NA|NA|13|NA|NA|20171027|20170429
ai001209.01|20170131|FY3|20190930|2017-01-27|20170127|20160930|20161231|1558|45.52|13.73|1043100000|NA|4.1|NA|2085940000|3180920000|7.57|NA|26.34|7.73|9102690000|994360000|1611770000|NA|2138490000|8499380000|9.59|18.15|NA|NA|NA|NA|NA|NA|NA|NA|NA|NA|NA|NA|NA|NA|NA|NA|NA|NA|NA|NA|NA|NA|NA|NA|NA|NA|NA|NA|NA|NA|NA|NA|NA|NA|NA|NA|NA|NA|NA|NA|20171027|20170429
ai001209.01|20170131|FY4|20200930|2017-01-27|20170127|20160930|20161231|1558|NA|11.56|8.25e+08|NA|NA|NA|2.133e+09|3.116e+09|7.99|NA|32.66|7.94|1.2407e+10|2.04e+08|1746440000|NA|2324120000|9371290000|12.6|14.4|NA|NA|NA|NA|NA|NA|NA|NA|NA|NA|NA|NA|NA|NA|NA|NA|NA|NA|NA|NA|NA|NA|NA|NA|NA|NA|NA|NA|NA|NA|NA|NA|NA|NA|NA|NA|NA|NA|NA|NA|20171027|20170429
ai001209.01|20170131|FY5|20210930|2017-01-27|20170127|20160930|20161231|1558|NA|NA|7.5e+08|NA|NA|NA|2.116e+09|NA|NA|NA|NA|NA|NA|NA|NA|NA|NA|9.168e+09|NA|NA|NA|NA|NA|NA|NA|NA|NA|NA|NA|NA|NA|NA|NA|NA|NA|NA|NA|NA|NA|NA|NA|NA|NA|NA|NA|NA|NA|NA|NA|NA|NA|NA|NA|NA|NA|NA|NA|NA|NA|NA|20171027|20170429
ai001230.01|20170131|FQ1|20161231|2016-10-20|20161020|20151231|20160930|1298|22.39|3.56|NA|NA|NA|NA|290960000|399350000|1.44|NA|19.38|0.87|2759460000|1837690000|171480000|117270000|283850000|1.457e+09|NA|25.58|NA|NA|NA|NA|NA|NA|NA|NA|NA|NA|NA|NA|NA|NA|NA|NA|NA|NA|NA|NA|NA|NA|NA|NA|NA|NA|NA|NA|9|NA|NA|NA|NA|NA|NA|NA|NA|6|NA|NA|20170121|20170121
ai001230.01|20170131|FQ2|20170331|2016-10-20|20161020|20151231|20160930|1298|22.95|3.25|NA|NA|0|NA|277040000|433850000|1.28|NA|15.52|1.33|2810390000|1622510000|163420000|25400000|265930000|1824070000|NA|25.27|NA|NA|NA|NA|NA|NA|NA|NA|NA|NA|NA|NA|NA|NA|NA|NA|NA|NA|NA|NA|NA|NA|NA|NA|NA|NA|NA|NA|8|NA|NA|NA|NA|NA|NA|NA|NA|5|NA|NA|20170121|20170121
